pid,file_path
100158,/nas-ctm01/datasets/public/medical_datasets/lung_ct_datasets/nlst/preprocessed_data/protocol_5/2d/lung/100158_2.npy
100242,/nas-ctm01/datasets/public/medical_datasets/lung_ct_datasets/nlst/preprocessed_data/protocol_5/2d/lung/100242_0.npy
100697,/nas-ctm01/datasets/public/medical_datasets/lung_ct_datasets/nlst/preprocessed_data/protocol_5/2d/lung/100697_2.npy
101287,/nas-ctm01/datasets/public/medical_datasets/lung_ct_datasets/nlst/preprocessed_data/protocol_5/2d/lung/101287_0.npy
101387,/nas-ctm01/datasets/public/medical_datasets/lung_ct_datasets/nlst/preprocessed_data/protocol_5/2d/lung/101387_0.npy
101428,/nas-ctm01/datasets/public/medical_datasets/lung_ct_datasets/nlst/preprocessed_data/protocol_5/2d/lung/101428_2.npy
101692,/nas-ctm01/datasets/public/medical_datasets/lung_ct_datasets/nlst/preprocessed_data/protocol_5/2d/lung/101692_2.npy
101834,/nas-ctm01/datasets/public/medical_datasets/lung_ct_datasets/nlst/preprocessed_data/protocol_5/2d/lung/101834_0.npy
102161,/nas-ctm01/datasets/public/medical_datasets/lung_ct_datasets/nlst/preprocessed_data/protocol_5/2d/lung/102161_0.npy
102537,/nas-ctm01/datasets/public/medical_datasets/lung_ct_datasets/nlst/preprocessed_data/protocol_5/2d/lung/102537_2.npy
102658,/nas-ctm01/datasets/public/medical_datasets/lung_ct_datasets/nlst/preprocessed_data/protocol_5/2d/lung/102658_1.npy
102676,/nas-ctm01/datasets/public/medical_datasets/lung_ct_datasets/nlst/preprocessed_data/protocol_5/2d/lung/102676_2.npy
102736,/nas-ctm01/datasets/public/medical_datasets/lung_ct_datasets/nlst/preprocessed_data/protocol_5/2d/lung/102736_1.npy
103232,/nas-ctm01/datasets/public/medical_datasets/lung_ct_datasets/nlst/preprocessed_data/protocol_5/2d/lung/103232_0.npy
103344,/nas-ctm01/datasets/public/medical_datasets/lung_ct_datasets/nlst/preprocessed_data/protocol_5/2d/lung/103344_2.npy
103507,/nas-ctm01/datasets/public/medical_datasets/lung_ct_datasets/nlst/preprocessed_data/protocol_5/2d/lung/103507_1.npy
103619,/nas-ctm01/datasets/public/medical_datasets/lung_ct_datasets/nlst/preprocessed_data/protocol_5/2d/lung/103619_1.npy
103760,/nas-ctm01/datasets/public/medical_datasets/lung_ct_datasets/nlst/preprocessed_data/protocol_5/2d/lung/103760_0.npy
104386,/nas-ctm01/datasets/public/medical_datasets/lung_ct_datasets/nlst/preprocessed_data/protocol_5/2d/lung/104386_1.npy
104564,/nas-ctm01/datasets/public/medical_datasets/lung_ct_datasets/nlst/preprocessed_data/protocol_5/2d/lung/104564_0.npy
104683,/nas-ctm01/datasets/public/medical_datasets/lung_ct_datasets/nlst/preprocessed_data/protocol_5/2d/lung/104683_1.npy
105142,/nas-ctm01/datasets/public/medical_datasets/lung_ct_datasets/nlst/preprocessed_data/protocol_5/2d/lung/105142_0.npy
105352,/nas-ctm01/datasets/public/medical_datasets/lung_ct_datasets/nlst/preprocessed_data/protocol_5/2d/lung/105352_2.npy
105767,/nas-ctm01/datasets/public/medical_datasets/lung_ct_datasets/nlst/preprocessed_data/protocol_5/2d/lung/105767_0.npy
105974,/nas-ctm01/datasets/public/medical_datasets/lung_ct_datasets/nlst/preprocessed_data/protocol_5/2d/lung/105974_1.npy
106000,/nas-ctm01/datasets/public/medical_datasets/lung_ct_datasets/nlst/preprocessed_data/protocol_5/2d/lung/106000_2.npy
106194,/nas-ctm01/datasets/public/medical_datasets/lung_ct_datasets/nlst/preprocessed_data/protocol_5/2d/lung/106194_2.npy
106204,/nas-ctm01/datasets/public/medical_datasets/lung_ct_datasets/nlst/preprocessed_data/protocol_5/2d/lung/106204_2.npy
106591,/nas-ctm01/datasets/public/medical_datasets/lung_ct_datasets/nlst/preprocessed_data/protocol_5/2d/lung/106591_0.npy
106753,/nas-ctm01/datasets/public/medical_datasets/lung_ct_datasets/nlst/preprocessed_data/protocol_5/2d/lung/106753_0.npy
107058,/nas-ctm01/datasets/public/medical_datasets/lung_ct_datasets/nlst/preprocessed_data/protocol_5/2d/lung/107058_1.npy
107133,/nas-ctm01/datasets/public/medical_datasets/lung_ct_datasets/nlst/preprocessed_data/protocol_5/2d/lung/107133_0.npy
107328,/nas-ctm01/datasets/public/medical_datasets/lung_ct_datasets/nlst/preprocessed_data/protocol_5/2d/lung/107328_0.npy
107434,/nas-ctm01/datasets/public/medical_datasets/lung_ct_datasets/nlst/preprocessed_data/protocol_5/2d/lung/107434_1.npy
107791,/nas-ctm01/datasets/public/medical_datasets/lung_ct_datasets/nlst/preprocessed_data/protocol_5/2d/lung/107791_0.npy
108245,/nas-ctm01/datasets/public/medical_datasets/lung_ct_datasets/nlst/preprocessed_data/protocol_5/2d/lung/108245_0.npy
108806,/nas-ctm01/datasets/public/medical_datasets/lung_ct_datasets/nlst/preprocessed_data/protocol_5/2d/lung/108806_0.npy
108814,/nas-ctm01/datasets/public/medical_datasets/lung_ct_datasets/nlst/preprocessed_data/protocol_5/2d/lung/108814_2.npy
109189,/nas-ctm01/datasets/public/medical_datasets/lung_ct_datasets/nlst/preprocessed_data/protocol_5/2d/lung/109189_0.npy
109259,/nas-ctm01/datasets/public/medical_datasets/lung_ct_datasets/nlst/preprocessed_data/protocol_5/2d/lung/109259_0.npy
109573,/nas-ctm01/datasets/public/medical_datasets/lung_ct_datasets/nlst/preprocessed_data/protocol_5/2d/lung/109573_1.npy
109616,/nas-ctm01/datasets/public/medical_datasets/lung_ct_datasets/nlst/preprocessed_data/protocol_5/2d/lung/109616_0.npy
110061,/nas-ctm01/datasets/public/medical_datasets/lung_ct_datasets/nlst/preprocessed_data/protocol_5/2d/lung/110061_0.npy
110071,/nas-ctm01/datasets/public/medical_datasets/lung_ct_datasets/nlst/preprocessed_data/protocol_5/2d/lung/110071_0.npy
110253,/nas-ctm01/datasets/public/medical_datasets/lung_ct_datasets/nlst/preprocessed_data/protocol_5/2d/lung/110253_1.npy
110356,/nas-ctm01/datasets/public/medical_datasets/lung_ct_datasets/nlst/preprocessed_data/protocol_5/2d/lung/110356_1.npy
111243,/nas-ctm01/datasets/public/medical_datasets/lung_ct_datasets/nlst/preprocessed_data/protocol_5/2d/lung/111243_2.npy
111355,/nas-ctm01/datasets/public/medical_datasets/lung_ct_datasets/nlst/preprocessed_data/protocol_5/2d/lung/111355_0.npy
111487,/nas-ctm01/datasets/public/medical_datasets/lung_ct_datasets/nlst/preprocessed_data/protocol_5/2d/lung/111487_0.npy
112041,/nas-ctm01/datasets/public/medical_datasets/lung_ct_datasets/nlst/preprocessed_data/protocol_5/2d/lung/112041_0.npy
112235,/nas-ctm01/datasets/public/medical_datasets/lung_ct_datasets/nlst/preprocessed_data/protocol_5/2d/lung/112235_2.npy
112258,/nas-ctm01/datasets/public/medical_datasets/lung_ct_datasets/nlst/preprocessed_data/protocol_5/2d/lung/112258_1.npy
112285,/nas-ctm01/datasets/public/medical_datasets/lung_ct_datasets/nlst/preprocessed_data/protocol_5/2d/lung/112285_0.npy
113623,/nas-ctm01/datasets/public/medical_datasets/lung_ct_datasets/nlst/preprocessed_data/protocol_5/2d/lung/113623_0.npy
113814,/nas-ctm01/datasets/public/medical_datasets/lung_ct_datasets/nlst/preprocessed_data/protocol_5/2d/lung/113814_0.npy
113820,/nas-ctm01/datasets/public/medical_datasets/lung_ct_datasets/nlst/preprocessed_data/protocol_5/2d/lung/113820_2.npy
114248,/nas-ctm01/datasets/public/medical_datasets/lung_ct_datasets/nlst/preprocessed_data/protocol_5/2d/lung/114248_2.npy
115345,/nas-ctm01/datasets/public/medical_datasets/lung_ct_datasets/nlst/preprocessed_data/protocol_5/2d/lung/115345_0.npy
115962,/nas-ctm01/datasets/public/medical_datasets/lung_ct_datasets/nlst/preprocessed_data/protocol_5/2d/lung/115962_1.npy
116137,/nas-ctm01/datasets/public/medical_datasets/lung_ct_datasets/nlst/preprocessed_data/protocol_5/2d/lung/116137_2.npy
116176,/nas-ctm01/datasets/public/medical_datasets/lung_ct_datasets/nlst/preprocessed_data/protocol_5/2d/lung/116176_2.npy
116289,/nas-ctm01/datasets/public/medical_datasets/lung_ct_datasets/nlst/preprocessed_data/protocol_5/2d/lung/116289_1.npy
116747,/nas-ctm01/datasets/public/medical_datasets/lung_ct_datasets/nlst/preprocessed_data/protocol_5/2d/lung/116747_1.npy
117025,/nas-ctm01/datasets/public/medical_datasets/lung_ct_datasets/nlst/preprocessed_data/protocol_5/2d/lung/117025_1.npy
117534,/nas-ctm01/datasets/public/medical_datasets/lung_ct_datasets/nlst/preprocessed_data/protocol_5/2d/lung/117534_0.npy
117601,/nas-ctm01/datasets/public/medical_datasets/lung_ct_datasets/nlst/preprocessed_data/protocol_5/2d/lung/117601_0.npy
117627,/nas-ctm01/datasets/public/medical_datasets/lung_ct_datasets/nlst/preprocessed_data/protocol_5/2d/lung/117627_0.npy
117966,/nas-ctm01/datasets/public/medical_datasets/lung_ct_datasets/nlst/preprocessed_data/protocol_5/2d/lung/117966_1.npy
118297,/nas-ctm01/datasets/public/medical_datasets/lung_ct_datasets/nlst/preprocessed_data/protocol_5/2d/lung/118297_2.npy
118323,/nas-ctm01/datasets/public/medical_datasets/lung_ct_datasets/nlst/preprocessed_data/protocol_5/2d/lung/118323_1.npy
118713,/nas-ctm01/datasets/public/medical_datasets/lung_ct_datasets/nlst/preprocessed_data/protocol_5/2d/lung/118713_2.npy
119029,/nas-ctm01/datasets/public/medical_datasets/lung_ct_datasets/nlst/preprocessed_data/protocol_5/2d/lung/119029_0.npy
119496,/nas-ctm01/datasets/public/medical_datasets/lung_ct_datasets/nlst/preprocessed_data/protocol_5/2d/lung/119496_0.npy
119597,/nas-ctm01/datasets/public/medical_datasets/lung_ct_datasets/nlst/preprocessed_data/protocol_5/2d/lung/119597_0.npy
119743,/nas-ctm01/datasets/public/medical_datasets/lung_ct_datasets/nlst/preprocessed_data/protocol_5/2d/lung/119743_1.npy
119839,/nas-ctm01/datasets/public/medical_datasets/lung_ct_datasets/nlst/preprocessed_data/protocol_5/2d/lung/119839_0.npy
120410,/nas-ctm01/datasets/public/medical_datasets/lung_ct_datasets/nlst/preprocessed_data/protocol_5/2d/lung/120410_0.npy
120573,/nas-ctm01/datasets/public/medical_datasets/lung_ct_datasets/nlst/preprocessed_data/protocol_5/2d/lung/120573_2.npy
120954,/nas-ctm01/datasets/public/medical_datasets/lung_ct_datasets/nlst/preprocessed_data/protocol_5/2d/lung/120954_1.npy
120969,/nas-ctm01/datasets/public/medical_datasets/lung_ct_datasets/nlst/preprocessed_data/protocol_5/2d/lung/120969_0.npy
121073,/nas-ctm01/datasets/public/medical_datasets/lung_ct_datasets/nlst/preprocessed_data/protocol_5/2d/lung/121073_0.npy
121099,/nas-ctm01/datasets/public/medical_datasets/lung_ct_datasets/nlst/preprocessed_data/protocol_5/2d/lung/121099_0.npy
121469,/nas-ctm01/datasets/public/medical_datasets/lung_ct_datasets/nlst/preprocessed_data/protocol_5/2d/lung/121469_0.npy
122025,/nas-ctm01/datasets/public/medical_datasets/lung_ct_datasets/nlst/preprocessed_data/protocol_5/2d/lung/122025_0.npy
122866,/nas-ctm01/datasets/public/medical_datasets/lung_ct_datasets/nlst/preprocessed_data/protocol_5/2d/lung/122866_1.npy
123066,/nas-ctm01/datasets/public/medical_datasets/lung_ct_datasets/nlst/preprocessed_data/protocol_5/2d/lung/123066_0.npy
123515,/nas-ctm01/datasets/public/medical_datasets/lung_ct_datasets/nlst/preprocessed_data/protocol_5/2d/lung/123515_1.npy
123629,/nas-ctm01/datasets/public/medical_datasets/lung_ct_datasets/nlst/preprocessed_data/protocol_5/2d/lung/123629_0.npy
123944,/nas-ctm01/datasets/public/medical_datasets/lung_ct_datasets/nlst/preprocessed_data/protocol_5/2d/lung/123944_0.npy
124436,/nas-ctm01/datasets/public/medical_datasets/lung_ct_datasets/nlst/preprocessed_data/protocol_5/2d/lung/124436_1.npy
124486,/nas-ctm01/datasets/public/medical_datasets/lung_ct_datasets/nlst/preprocessed_data/protocol_5/2d/lung/124486_1.npy
124864,/nas-ctm01/datasets/public/medical_datasets/lung_ct_datasets/nlst/preprocessed_data/protocol_5/2d/lung/124864_1.npy
125353,/nas-ctm01/datasets/public/medical_datasets/lung_ct_datasets/nlst/preprocessed_data/protocol_5/2d/lung/125353_0.npy
125727,/nas-ctm01/datasets/public/medical_datasets/lung_ct_datasets/nlst/preprocessed_data/protocol_5/2d/lung/125727_2.npy
126446,/nas-ctm01/datasets/public/medical_datasets/lung_ct_datasets/nlst/preprocessed_data/protocol_5/2d/lung/126446_0.npy
126520,/nas-ctm01/datasets/public/medical_datasets/lung_ct_datasets/nlst/preprocessed_data/protocol_5/2d/lung/126520_0.npy
126792,/nas-ctm01/datasets/public/medical_datasets/lung_ct_datasets/nlst/preprocessed_data/protocol_5/2d/lung/126792_1.npy
126977,/nas-ctm01/datasets/public/medical_datasets/lung_ct_datasets/nlst/preprocessed_data/protocol_5/2d/lung/126977_2.npy
126999,/nas-ctm01/datasets/public/medical_datasets/lung_ct_datasets/nlst/preprocessed_data/protocol_5/2d/lung/126999_0.npy
127298,/nas-ctm01/datasets/public/medical_datasets/lung_ct_datasets/nlst/preprocessed_data/protocol_5/2d/lung/127298_0.npy
127302,/nas-ctm01/datasets/public/medical_datasets/lung_ct_datasets/nlst/preprocessed_data/protocol_5/2d/lung/127302_1.npy
127923,/nas-ctm01/datasets/public/medical_datasets/lung_ct_datasets/nlst/preprocessed_data/protocol_5/2d/lung/127923_0.npy
129035,/nas-ctm01/datasets/public/medical_datasets/lung_ct_datasets/nlst/preprocessed_data/protocol_5/2d/lung/129035_0.npy
130033,/nas-ctm01/datasets/public/medical_datasets/lung_ct_datasets/nlst/preprocessed_data/protocol_5/2d/lung/130033_1.npy
130133,/nas-ctm01/datasets/public/medical_datasets/lung_ct_datasets/nlst/preprocessed_data/protocol_5/2d/lung/130133_1.npy
130162,/nas-ctm01/datasets/public/medical_datasets/lung_ct_datasets/nlst/preprocessed_data/protocol_5/2d/lung/130162_0.npy
130315,/nas-ctm01/datasets/public/medical_datasets/lung_ct_datasets/nlst/preprocessed_data/protocol_5/2d/lung/130315_0.npy
130467,/nas-ctm01/datasets/public/medical_datasets/lung_ct_datasets/nlst/preprocessed_data/protocol_5/2d/lung/130467_0.npy
130491,/nas-ctm01/datasets/public/medical_datasets/lung_ct_datasets/nlst/preprocessed_data/protocol_5/2d/lung/130491_2.npy
130706,/nas-ctm01/datasets/public/medical_datasets/lung_ct_datasets/nlst/preprocessed_data/protocol_5/2d/lung/130706_1.npy
130975,/nas-ctm01/datasets/public/medical_datasets/lung_ct_datasets/nlst/preprocessed_data/protocol_5/2d/lung/130975_1.npy
131423,/nas-ctm01/datasets/public/medical_datasets/lung_ct_datasets/nlst/preprocessed_data/protocol_5/2d/lung/131423_1.npy
131486,/nas-ctm01/datasets/public/medical_datasets/lung_ct_datasets/nlst/preprocessed_data/protocol_5/2d/lung/131486_1.npy
131542,/nas-ctm01/datasets/public/medical_datasets/lung_ct_datasets/nlst/preprocessed_data/protocol_5/2d/lung/131542_0.npy
131963,/nas-ctm01/datasets/public/medical_datasets/lung_ct_datasets/nlst/preprocessed_data/protocol_5/2d/lung/131963_2.npy
132036,/nas-ctm01/datasets/public/medical_datasets/lung_ct_datasets/nlst/preprocessed_data/protocol_5/2d/lung/132036_2.npy
132047,/nas-ctm01/datasets/public/medical_datasets/lung_ct_datasets/nlst/preprocessed_data/protocol_5/2d/lung/132047_2.npy
132227,/nas-ctm01/datasets/public/medical_datasets/lung_ct_datasets/nlst/preprocessed_data/protocol_5/2d/lung/132227_0.npy
132386,/nas-ctm01/datasets/public/medical_datasets/lung_ct_datasets/nlst/preprocessed_data/protocol_5/2d/lung/132386_0.npy
133279,/nas-ctm01/datasets/public/medical_datasets/lung_ct_datasets/nlst/preprocessed_data/protocol_5/2d/lung/133279_2.npy
133792,/nas-ctm01/datasets/public/medical_datasets/lung_ct_datasets/nlst/preprocessed_data/protocol_5/2d/lung/133792_2.npy
133811,/nas-ctm01/datasets/public/medical_datasets/lung_ct_datasets/nlst/preprocessed_data/protocol_5/2d/lung/133811_0.npy
133934,/nas-ctm01/datasets/public/medical_datasets/lung_ct_datasets/nlst/preprocessed_data/protocol_5/2d/lung/133934_0.npy
134257,/nas-ctm01/datasets/public/medical_datasets/lung_ct_datasets/nlst/preprocessed_data/protocol_5/2d/lung/134257_1.npy
134491,/nas-ctm01/datasets/public/medical_datasets/lung_ct_datasets/nlst/preprocessed_data/protocol_5/2d/lung/134491_2.npy
200017,/nas-ctm01/datasets/public/medical_datasets/lung_ct_datasets/nlst/preprocessed_data/protocol_5/2d/lung/200017_0.npy
200056,/nas-ctm01/datasets/public/medical_datasets/lung_ct_datasets/nlst/preprocessed_data/protocol_5/2d/lung/200056_1.npy
200066,/nas-ctm01/datasets/public/medical_datasets/lung_ct_datasets/nlst/preprocessed_data/protocol_5/2d/lung/200066_2.npy
200674,/nas-ctm01/datasets/public/medical_datasets/lung_ct_datasets/nlst/preprocessed_data/protocol_5/2d/lung/200674_1.npy
200683,/nas-ctm01/datasets/public/medical_datasets/lung_ct_datasets/nlst/preprocessed_data/protocol_5/2d/lung/200683_0.npy
200931,/nas-ctm01/datasets/public/medical_datasets/lung_ct_datasets/nlst/preprocessed_data/protocol_5/2d/lung/200931_2.npy
201275,/nas-ctm01/datasets/public/medical_datasets/lung_ct_datasets/nlst/preprocessed_data/protocol_5/2d/lung/201275_2.npy
201674,/nas-ctm01/datasets/public/medical_datasets/lung_ct_datasets/nlst/preprocessed_data/protocol_5/2d/lung/201674_0.npy
201979,/nas-ctm01/datasets/public/medical_datasets/lung_ct_datasets/nlst/preprocessed_data/protocol_5/2d/lung/201979_1.npy
202128,/nas-ctm01/datasets/public/medical_datasets/lung_ct_datasets/nlst/preprocessed_data/protocol_5/2d/lung/202128_0.npy
202268,/nas-ctm01/datasets/public/medical_datasets/lung_ct_datasets/nlst/preprocessed_data/protocol_5/2d/lung/202268_2.npy
203087,/nas-ctm01/datasets/public/medical_datasets/lung_ct_datasets/nlst/preprocessed_data/protocol_5/2d/lung/203087_2.npy
203759,/nas-ctm01/datasets/public/medical_datasets/lung_ct_datasets/nlst/preprocessed_data/protocol_5/2d/lung/203759_2.npy
203769,/nas-ctm01/datasets/public/medical_datasets/lung_ct_datasets/nlst/preprocessed_data/protocol_5/2d/lung/203769_0.npy
203861,/nas-ctm01/datasets/public/medical_datasets/lung_ct_datasets/nlst/preprocessed_data/protocol_5/2d/lung/203861_0.npy
204197,/nas-ctm01/datasets/public/medical_datasets/lung_ct_datasets/nlst/preprocessed_data/protocol_5/2d/lung/204197_0.npy
204878,/nas-ctm01/datasets/public/medical_datasets/lung_ct_datasets/nlst/preprocessed_data/protocol_5/2d/lung/204878_0.npy
205283,/nas-ctm01/datasets/public/medical_datasets/lung_ct_datasets/nlst/preprocessed_data/protocol_5/2d/lung/205283_0.npy
205418,/nas-ctm01/datasets/public/medical_datasets/lung_ct_datasets/nlst/preprocessed_data/protocol_5/2d/lung/205418_0.npy
205591,/nas-ctm01/datasets/public/medical_datasets/lung_ct_datasets/nlst/preprocessed_data/protocol_5/2d/lung/205591_0.npy
205687,/nas-ctm01/datasets/public/medical_datasets/lung_ct_datasets/nlst/preprocessed_data/protocol_5/2d/lung/205687_1.npy
205900,/nas-ctm01/datasets/public/medical_datasets/lung_ct_datasets/nlst/preprocessed_data/protocol_5/2d/lung/205900_1.npy
206564,/nas-ctm01/datasets/public/medical_datasets/lung_ct_datasets/nlst/preprocessed_data/protocol_5/2d/lung/206564_1.npy
206687,/nas-ctm01/datasets/public/medical_datasets/lung_ct_datasets/nlst/preprocessed_data/protocol_5/2d/lung/206687_0.npy
206732,/nas-ctm01/datasets/public/medical_datasets/lung_ct_datasets/nlst/preprocessed_data/protocol_5/2d/lung/206732_0.npy
206870,/nas-ctm01/datasets/public/medical_datasets/lung_ct_datasets/nlst/preprocessed_data/protocol_5/2d/lung/206870_2.npy
207286,/nas-ctm01/datasets/public/medical_datasets/lung_ct_datasets/nlst/preprocessed_data/protocol_5/2d/lung/207286_0.npy
207347,/nas-ctm01/datasets/public/medical_datasets/lung_ct_datasets/nlst/preprocessed_data/protocol_5/2d/lung/207347_2.npy
207526,/nas-ctm01/datasets/public/medical_datasets/lung_ct_datasets/nlst/preprocessed_data/protocol_5/2d/lung/207526_2.npy
207584,/nas-ctm01/datasets/public/medical_datasets/lung_ct_datasets/nlst/preprocessed_data/protocol_5/2d/lung/207584_1.npy
207691,/nas-ctm01/datasets/public/medical_datasets/lung_ct_datasets/nlst/preprocessed_data/protocol_5/2d/lung/207691_0.npy
207786,/nas-ctm01/datasets/public/medical_datasets/lung_ct_datasets/nlst/preprocessed_data/protocol_5/2d/lung/207786_0.npy
207830,/nas-ctm01/datasets/public/medical_datasets/lung_ct_datasets/nlst/preprocessed_data/protocol_5/2d/lung/207830_2.npy
207954,/nas-ctm01/datasets/public/medical_datasets/lung_ct_datasets/nlst/preprocessed_data/protocol_5/2d/lung/207954_0.npy
208430,/nas-ctm01/datasets/public/medical_datasets/lung_ct_datasets/nlst/preprocessed_data/protocol_5/2d/lung/208430_1.npy
208589,/nas-ctm01/datasets/public/medical_datasets/lung_ct_datasets/nlst/preprocessed_data/protocol_5/2d/lung/208589_1.npy
208792,/nas-ctm01/datasets/public/medical_datasets/lung_ct_datasets/nlst/preprocessed_data/protocol_5/2d/lung/208792_0.npy
208801,/nas-ctm01/datasets/public/medical_datasets/lung_ct_datasets/nlst/preprocessed_data/protocol_5/2d/lung/208801_1.npy
209095,/nas-ctm01/datasets/public/medical_datasets/lung_ct_datasets/nlst/preprocessed_data/protocol_5/2d/lung/209095_1.npy
209512,/nas-ctm01/datasets/public/medical_datasets/lung_ct_datasets/nlst/preprocessed_data/protocol_5/2d/lung/209512_1.npy
209683,/nas-ctm01/datasets/public/medical_datasets/lung_ct_datasets/nlst/preprocessed_data/protocol_5/2d/lung/209683_0.npy
210218,/nas-ctm01/datasets/public/medical_datasets/lung_ct_datasets/nlst/preprocessed_data/protocol_5/2d/lung/210218_2.npy
210581,/nas-ctm01/datasets/public/medical_datasets/lung_ct_datasets/nlst/preprocessed_data/protocol_5/2d/lung/210581_2.npy
211677,/nas-ctm01/datasets/public/medical_datasets/lung_ct_datasets/nlst/preprocessed_data/protocol_5/2d/lung/211677_2.npy
211918,/nas-ctm01/datasets/public/medical_datasets/lung_ct_datasets/nlst/preprocessed_data/protocol_5/2d/lung/211918_0.npy
212379,/nas-ctm01/datasets/public/medical_datasets/lung_ct_datasets/nlst/preprocessed_data/protocol_5/2d/lung/212379_0.npy
212419,/nas-ctm01/datasets/public/medical_datasets/lung_ct_datasets/nlst/preprocessed_data/protocol_5/2d/lung/212419_1.npy
212615,/nas-ctm01/datasets/public/medical_datasets/lung_ct_datasets/nlst/preprocessed_data/protocol_5/2d/lung/212615_0.npy
212900,/nas-ctm01/datasets/public/medical_datasets/lung_ct_datasets/nlst/preprocessed_data/protocol_5/2d/lung/212900_0.npy
213413,/nas-ctm01/datasets/public/medical_datasets/lung_ct_datasets/nlst/preprocessed_data/protocol_5/2d/lung/213413_1.npy
213439,/nas-ctm01/datasets/public/medical_datasets/lung_ct_datasets/nlst/preprocessed_data/protocol_5/2d/lung/213439_2.npy
213442,/nas-ctm01/datasets/public/medical_datasets/lung_ct_datasets/nlst/preprocessed_data/protocol_5/2d/lung/213442_2.npy
213630,/nas-ctm01/datasets/public/medical_datasets/lung_ct_datasets/nlst/preprocessed_data/protocol_5/2d/lung/213630_1.npy
213754,/nas-ctm01/datasets/public/medical_datasets/lung_ct_datasets/nlst/preprocessed_data/protocol_5/2d/lung/213754_1.npy
213860,/nas-ctm01/datasets/public/medical_datasets/lung_ct_datasets/nlst/preprocessed_data/protocol_5/2d/lung/213860_0.npy
214350,/nas-ctm01/datasets/public/medical_datasets/lung_ct_datasets/nlst/preprocessed_data/protocol_5/2d/lung/214350_0.npy
214472,/nas-ctm01/datasets/public/medical_datasets/lung_ct_datasets/nlst/preprocessed_data/protocol_5/2d/lung/214472_0.npy
214553,/nas-ctm01/datasets/public/medical_datasets/lung_ct_datasets/nlst/preprocessed_data/protocol_5/2d/lung/214553_2.npy
214571,/nas-ctm01/datasets/public/medical_datasets/lung_ct_datasets/nlst/preprocessed_data/protocol_5/2d/lung/214571_0.npy
214822,/nas-ctm01/datasets/public/medical_datasets/lung_ct_datasets/nlst/preprocessed_data/protocol_5/2d/lung/214822_0.npy
215101,/nas-ctm01/datasets/public/medical_datasets/lung_ct_datasets/nlst/preprocessed_data/protocol_5/2d/lung/215101_2.npy
215151,/nas-ctm01/datasets/public/medical_datasets/lung_ct_datasets/nlst/preprocessed_data/protocol_5/2d/lung/215151_1.npy
215930,/nas-ctm01/datasets/public/medical_datasets/lung_ct_datasets/nlst/preprocessed_data/protocol_5/2d/lung/215930_0.npy
215998,/nas-ctm01/datasets/public/medical_datasets/lung_ct_datasets/nlst/preprocessed_data/protocol_5/2d/lung/215998_0.npy
216238,/nas-ctm01/datasets/public/medical_datasets/lung_ct_datasets/nlst/preprocessed_data/protocol_5/2d/lung/216238_0.npy
216730,/nas-ctm01/datasets/public/medical_datasets/lung_ct_datasets/nlst/preprocessed_data/protocol_5/2d/lung/216730_2.npy
216793,/nas-ctm01/datasets/public/medical_datasets/lung_ct_datasets/nlst/preprocessed_data/protocol_5/2d/lung/216793_0.npy
216940,/nas-ctm01/datasets/public/medical_datasets/lung_ct_datasets/nlst/preprocessed_data/protocol_5/2d/lung/216940_1.npy
217203,/nas-ctm01/datasets/public/medical_datasets/lung_ct_datasets/nlst/preprocessed_data/protocol_5/2d/lung/217203_2.npy
217438,/nas-ctm01/datasets/public/medical_datasets/lung_ct_datasets/nlst/preprocessed_data/protocol_5/2d/lung/217438_2.npy
217482,/nas-ctm01/datasets/public/medical_datasets/lung_ct_datasets/nlst/preprocessed_data/protocol_5/2d/lung/217482_1.npy
217877,/nas-ctm01/datasets/public/medical_datasets/lung_ct_datasets/nlst/preprocessed_data/protocol_5/2d/lung/217877_1.npy
217951,/nas-ctm01/datasets/public/medical_datasets/lung_ct_datasets/nlst/preprocessed_data/protocol_5/2d/lung/217951_0.npy
218013,/nas-ctm01/datasets/public/medical_datasets/lung_ct_datasets/nlst/preprocessed_data/protocol_5/2d/lung/218013_2.npy
218368,/nas-ctm01/datasets/public/medical_datasets/lung_ct_datasets/nlst/preprocessed_data/protocol_5/2d/lung/218368_0.npy
117502,/nas-ctm01/datasets/public/medical_datasets/lung_ct_datasets/nlst/preprocessed_data/protocol_5/2d/lung/117502_2.npy
113502,/nas-ctm01/datasets/public/medical_datasets/lung_ct_datasets/nlst/preprocessed_data/protocol_5/2d/lung/113502_1.npy
124190,/nas-ctm01/datasets/public/medical_datasets/lung_ct_datasets/nlst/preprocessed_data/protocol_5/2d/lung/124190_1.npy
119818,/nas-ctm01/datasets/public/medical_datasets/lung_ct_datasets/nlst/preprocessed_data/protocol_5/2d/lung/119818_0.npy
122117,/nas-ctm01/datasets/public/medical_datasets/lung_ct_datasets/nlst/preprocessed_data/protocol_5/2d/lung/122117_2.npy
121794,/nas-ctm01/datasets/public/medical_datasets/lung_ct_datasets/nlst/preprocessed_data/protocol_5/2d/lung/121794_0.npy
109965,/nas-ctm01/datasets/public/medical_datasets/lung_ct_datasets/nlst/preprocessed_data/protocol_5/2d/lung/109965_2.npy
113918,/nas-ctm01/datasets/public/medical_datasets/lung_ct_datasets/nlst/preprocessed_data/protocol_5/2d/lung/113918_2.npy
127400,/nas-ctm01/datasets/public/medical_datasets/lung_ct_datasets/nlst/preprocessed_data/protocol_5/2d/lung/127400_1.npy
118248,/nas-ctm01/datasets/public/medical_datasets/lung_ct_datasets/nlst/preprocessed_data/protocol_5/2d/lung/118248_2.npy
123123,/nas-ctm01/datasets/public/medical_datasets/lung_ct_datasets/nlst/preprocessed_data/protocol_5/2d/lung/123123_0.npy
106286,/nas-ctm01/datasets/public/medical_datasets/lung_ct_datasets/nlst/preprocessed_data/protocol_5/2d/lung/106286_0.npy
109345,/nas-ctm01/datasets/public/medical_datasets/lung_ct_datasets/nlst/preprocessed_data/protocol_5/2d/lung/109345_1.npy
113103,/nas-ctm01/datasets/public/medical_datasets/lung_ct_datasets/nlst/preprocessed_data/protocol_5/2d/lung/113103_2.npy
127890,/nas-ctm01/datasets/public/medical_datasets/lung_ct_datasets/nlst/preprocessed_data/protocol_5/2d/lung/127890_0.npy
113952,/nas-ctm01/datasets/public/medical_datasets/lung_ct_datasets/nlst/preprocessed_data/protocol_5/2d/lung/113952_2.npy
124533,/nas-ctm01/datasets/public/medical_datasets/lung_ct_datasets/nlst/preprocessed_data/protocol_5/2d/lung/124533_1.npy
115520,/nas-ctm01/datasets/public/medical_datasets/lung_ct_datasets/nlst/preprocessed_data/protocol_5/2d/lung/115520_1.npy
112575,/nas-ctm01/datasets/public/medical_datasets/lung_ct_datasets/nlst/preprocessed_data/protocol_5/2d/lung/112575_1.npy
102806,/nas-ctm01/datasets/public/medical_datasets/lung_ct_datasets/nlst/preprocessed_data/protocol_5/2d/lung/102806_0.npy
107561,/nas-ctm01/datasets/public/medical_datasets/lung_ct_datasets/nlst/preprocessed_data/protocol_5/2d/lung/107561_0.npy
112073,/nas-ctm01/datasets/public/medical_datasets/lung_ct_datasets/nlst/preprocessed_data/protocol_5/2d/lung/112073_0.npy
121999,/nas-ctm01/datasets/public/medical_datasets/lung_ct_datasets/nlst/preprocessed_data/protocol_5/2d/lung/121999_1.npy
120701,/nas-ctm01/datasets/public/medical_datasets/lung_ct_datasets/nlst/preprocessed_data/protocol_5/2d/lung/120701_0.npy
112289,/nas-ctm01/datasets/public/medical_datasets/lung_ct_datasets/nlst/preprocessed_data/protocol_5/2d/lung/112289_0.npy
104960,/nas-ctm01/datasets/public/medical_datasets/lung_ct_datasets/nlst/preprocessed_data/protocol_5/2d/lung/104960_2.npy
116798,/nas-ctm01/datasets/public/medical_datasets/lung_ct_datasets/nlst/preprocessed_data/protocol_5/2d/lung/116798_1.npy
126244,/nas-ctm01/datasets/public/medical_datasets/lung_ct_datasets/nlst/preprocessed_data/protocol_5/2d/lung/126244_2.npy
111221,/nas-ctm01/datasets/public/medical_datasets/lung_ct_datasets/nlst/preprocessed_data/protocol_5/2d/lung/111221_0.npy
121895,/nas-ctm01/datasets/public/medical_datasets/lung_ct_datasets/nlst/preprocessed_data/protocol_5/2d/lung/121895_0.npy
110817,/nas-ctm01/datasets/public/medical_datasets/lung_ct_datasets/nlst/preprocessed_data/protocol_5/2d/lung/110817_1.npy
106364,/nas-ctm01/datasets/public/medical_datasets/lung_ct_datasets/nlst/preprocessed_data/protocol_5/2d/lung/106364_0.npy
104248,/nas-ctm01/datasets/public/medical_datasets/lung_ct_datasets/nlst/preprocessed_data/protocol_5/2d/lung/104248_1.npy
102267,/nas-ctm01/datasets/public/medical_datasets/lung_ct_datasets/nlst/preprocessed_data/protocol_5/2d/lung/102267_1.npy
102746,/nas-ctm01/datasets/public/medical_datasets/lung_ct_datasets/nlst/preprocessed_data/protocol_5/2d/lung/102746_0.npy
100012,/nas-ctm01/datasets/public/medical_datasets/lung_ct_datasets/nlst/preprocessed_data/protocol_5/2d/lung/100012_1.npy
107151,/nas-ctm01/datasets/public/medical_datasets/lung_ct_datasets/nlst/preprocessed_data/protocol_5/2d/lung/107151_1.npy
108670,/nas-ctm01/datasets/public/medical_datasets/lung_ct_datasets/nlst/preprocessed_data/protocol_5/2d/lung/108670_0.npy
106498,/nas-ctm01/datasets/public/medical_datasets/lung_ct_datasets/nlst/preprocessed_data/protocol_5/2d/lung/106498_0.npy
111454,/nas-ctm01/datasets/public/medical_datasets/lung_ct_datasets/nlst/preprocessed_data/protocol_5/2d/lung/111454_2.npy
101066,/nas-ctm01/datasets/public/medical_datasets/lung_ct_datasets/nlst/preprocessed_data/protocol_5/2d/lung/101066_0.npy
105540,/nas-ctm01/datasets/public/medical_datasets/lung_ct_datasets/nlst/preprocessed_data/protocol_5/2d/lung/105540_0.npy
121004,/nas-ctm01/datasets/public/medical_datasets/lung_ct_datasets/nlst/preprocessed_data/protocol_5/2d/lung/121004_0.npy
101068,/nas-ctm01/datasets/public/medical_datasets/lung_ct_datasets/nlst/preprocessed_data/protocol_5/2d/lung/101068_1.npy
128156,/nas-ctm01/datasets/public/medical_datasets/lung_ct_datasets/nlst/preprocessed_data/protocol_5/2d/lung/128156_0.npy
118560,/nas-ctm01/datasets/public/medical_datasets/lung_ct_datasets/nlst/preprocessed_data/protocol_5/2d/lung/118560_2.npy
114746,/nas-ctm01/datasets/public/medical_datasets/lung_ct_datasets/nlst/preprocessed_data/protocol_5/2d/lung/114746_2.npy
105340,/nas-ctm01/datasets/public/medical_datasets/lung_ct_datasets/nlst/preprocessed_data/protocol_5/2d/lung/105340_1.npy
121893,/nas-ctm01/datasets/public/medical_datasets/lung_ct_datasets/nlst/preprocessed_data/protocol_5/2d/lung/121893_0.npy
104999,/nas-ctm01/datasets/public/medical_datasets/lung_ct_datasets/nlst/preprocessed_data/protocol_5/2d/lung/104999_2.npy
100913,/nas-ctm01/datasets/public/medical_datasets/lung_ct_datasets/nlst/preprocessed_data/protocol_5/2d/lung/100913_1.npy
126823,/nas-ctm01/datasets/public/medical_datasets/lung_ct_datasets/nlst/preprocessed_data/protocol_5/2d/lung/126823_2.npy
106926,/nas-ctm01/datasets/public/medical_datasets/lung_ct_datasets/nlst/preprocessed_data/protocol_5/2d/lung/106926_0.npy
109852,/nas-ctm01/datasets/public/medical_datasets/lung_ct_datasets/nlst/preprocessed_data/protocol_5/2d/lung/109852_0.npy
112893,/nas-ctm01/datasets/public/medical_datasets/lung_ct_datasets/nlst/preprocessed_data/protocol_5/2d/lung/112893_0.npy
112851,/nas-ctm01/datasets/public/medical_datasets/lung_ct_datasets/nlst/preprocessed_data/protocol_5/2d/lung/112851_0.npy
108061,/nas-ctm01/datasets/public/medical_datasets/lung_ct_datasets/nlst/preprocessed_data/protocol_5/2d/lung/108061_2.npy
103621,/nas-ctm01/datasets/public/medical_datasets/lung_ct_datasets/nlst/preprocessed_data/protocol_5/2d/lung/103621_2.npy
104063,/nas-ctm01/datasets/public/medical_datasets/lung_ct_datasets/nlst/preprocessed_data/protocol_5/2d/lung/104063_0.npy
105562,/nas-ctm01/datasets/public/medical_datasets/lung_ct_datasets/nlst/preprocessed_data/protocol_5/2d/lung/105562_0.npy
105713,/nas-ctm01/datasets/public/medical_datasets/lung_ct_datasets/nlst/preprocessed_data/protocol_5/2d/lung/105713_2.npy
108766,/nas-ctm01/datasets/public/medical_datasets/lung_ct_datasets/nlst/preprocessed_data/protocol_5/2d/lung/108766_0.npy
113176,/nas-ctm01/datasets/public/medical_datasets/lung_ct_datasets/nlst/preprocessed_data/protocol_5/2d/lung/113176_0.npy
122590,/nas-ctm01/datasets/public/medical_datasets/lung_ct_datasets/nlst/preprocessed_data/protocol_5/2d/lung/122590_2.npy
117820,/nas-ctm01/datasets/public/medical_datasets/lung_ct_datasets/nlst/preprocessed_data/protocol_5/2d/lung/117820_1.npy
110866,/nas-ctm01/datasets/public/medical_datasets/lung_ct_datasets/nlst/preprocessed_data/protocol_5/2d/lung/110866_0.npy
120289,/nas-ctm01/datasets/public/medical_datasets/lung_ct_datasets/nlst/preprocessed_data/protocol_5/2d/lung/120289_2.npy
118672,/nas-ctm01/datasets/public/medical_datasets/lung_ct_datasets/nlst/preprocessed_data/protocol_5/2d/lung/118672_2.npy
102136,/nas-ctm01/datasets/public/medical_datasets/lung_ct_datasets/nlst/preprocessed_data/protocol_5/2d/lung/102136_2.npy
126967,/nas-ctm01/datasets/public/medical_datasets/lung_ct_datasets/nlst/preprocessed_data/protocol_5/2d/lung/126967_2.npy
101192,/nas-ctm01/datasets/public/medical_datasets/lung_ct_datasets/nlst/preprocessed_data/protocol_5/2d/lung/101192_2.npy
120070,/nas-ctm01/datasets/public/medical_datasets/lung_ct_datasets/nlst/preprocessed_data/protocol_5/2d/lung/120070_2.npy
119358,/nas-ctm01/datasets/public/medical_datasets/lung_ct_datasets/nlst/preprocessed_data/protocol_5/2d/lung/119358_1.npy
108352,/nas-ctm01/datasets/public/medical_datasets/lung_ct_datasets/nlst/preprocessed_data/protocol_5/2d/lung/108352_1.npy
123072,/nas-ctm01/datasets/public/medical_datasets/lung_ct_datasets/nlst/preprocessed_data/protocol_5/2d/lung/123072_2.npy
104009,/nas-ctm01/datasets/public/medical_datasets/lung_ct_datasets/nlst/preprocessed_data/protocol_5/2d/lung/104009_1.npy
124696,/nas-ctm01/datasets/public/medical_datasets/lung_ct_datasets/nlst/preprocessed_data/protocol_5/2d/lung/124696_1.npy
107610,/nas-ctm01/datasets/public/medical_datasets/lung_ct_datasets/nlst/preprocessed_data/protocol_5/2d/lung/107610_0.npy
120708,/nas-ctm01/datasets/public/medical_datasets/lung_ct_datasets/nlst/preprocessed_data/protocol_5/2d/lung/120708_0.npy
100147,/nas-ctm01/datasets/public/medical_datasets/lung_ct_datasets/nlst/preprocessed_data/protocol_5/2d/lung/100147_1.npy
104363,/nas-ctm01/datasets/public/medical_datasets/lung_ct_datasets/nlst/preprocessed_data/protocol_5/2d/lung/104363_0.npy
112506,/nas-ctm01/datasets/public/medical_datasets/lung_ct_datasets/nlst/preprocessed_data/protocol_5/2d/lung/112506_2.npy
119474,/nas-ctm01/datasets/public/medical_datasets/lung_ct_datasets/nlst/preprocessed_data/protocol_5/2d/lung/119474_1.npy
118602,/nas-ctm01/datasets/public/medical_datasets/lung_ct_datasets/nlst/preprocessed_data/protocol_5/2d/lung/118602_2.npy
106046,/nas-ctm01/datasets/public/medical_datasets/lung_ct_datasets/nlst/preprocessed_data/protocol_5/2d/lung/106046_0.npy
122262,/nas-ctm01/datasets/public/medical_datasets/lung_ct_datasets/nlst/preprocessed_data/protocol_5/2d/lung/122262_0.npy
100703,/nas-ctm01/datasets/public/medical_datasets/lung_ct_datasets/nlst/preprocessed_data/protocol_5/2d/lung/100703_0.npy
110987,/nas-ctm01/datasets/public/medical_datasets/lung_ct_datasets/nlst/preprocessed_data/protocol_5/2d/lung/110987_1.npy
106553,/nas-ctm01/datasets/public/medical_datasets/lung_ct_datasets/nlst/preprocessed_data/protocol_5/2d/lung/106553_2.npy
118719,/nas-ctm01/datasets/public/medical_datasets/lung_ct_datasets/nlst/preprocessed_data/protocol_5/2d/lung/118719_2.npy
126955,/nas-ctm01/datasets/public/medical_datasets/lung_ct_datasets/nlst/preprocessed_data/protocol_5/2d/lung/126955_1.npy
117612,/nas-ctm01/datasets/public/medical_datasets/lung_ct_datasets/nlst/preprocessed_data/protocol_5/2d/lung/117612_2.npy
107521,/nas-ctm01/datasets/public/medical_datasets/lung_ct_datasets/nlst/preprocessed_data/protocol_5/2d/lung/107521_0.npy
100280,/nas-ctm01/datasets/public/medical_datasets/lung_ct_datasets/nlst/preprocessed_data/protocol_5/2d/lung/100280_1.npy
120011,/nas-ctm01/datasets/public/medical_datasets/lung_ct_datasets/nlst/preprocessed_data/protocol_5/2d/lung/120011_0.npy
110716,/nas-ctm01/datasets/public/medical_datasets/lung_ct_datasets/nlst/preprocessed_data/protocol_5/2d/lung/110716_2.npy
126836,/nas-ctm01/datasets/public/medical_datasets/lung_ct_datasets/nlst/preprocessed_data/protocol_5/2d/lung/126836_0.npy
112956,/nas-ctm01/datasets/public/medical_datasets/lung_ct_datasets/nlst/preprocessed_data/protocol_5/2d/lung/112956_0.npy
110196,/nas-ctm01/datasets/public/medical_datasets/lung_ct_datasets/nlst/preprocessed_data/protocol_5/2d/lung/110196_0.npy
125450,/nas-ctm01/datasets/public/medical_datasets/lung_ct_datasets/nlst/preprocessed_data/protocol_5/2d/lung/125450_2.npy
117799,/nas-ctm01/datasets/public/medical_datasets/lung_ct_datasets/nlst/preprocessed_data/protocol_5/2d/lung/117799_0.npy
128651,/nas-ctm01/datasets/public/medical_datasets/lung_ct_datasets/nlst/preprocessed_data/protocol_5/2d/lung/128651_0.npy
128669,/nas-ctm01/datasets/public/medical_datasets/lung_ct_datasets/nlst/preprocessed_data/protocol_5/2d/lung/128669_2.npy
128944,/nas-ctm01/datasets/public/medical_datasets/lung_ct_datasets/nlst/preprocessed_data/protocol_5/2d/lung/128944_2.npy
129155,/nas-ctm01/datasets/public/medical_datasets/lung_ct_datasets/nlst/preprocessed_data/protocol_5/2d/lung/129155_2.npy
129285,/nas-ctm01/datasets/public/medical_datasets/lung_ct_datasets/nlst/preprocessed_data/protocol_5/2d/lung/129285_0.npy
129553,/nas-ctm01/datasets/public/medical_datasets/lung_ct_datasets/nlst/preprocessed_data/protocol_5/2d/lung/129553_1.npy
129627,/nas-ctm01/datasets/public/medical_datasets/lung_ct_datasets/nlst/preprocessed_data/protocol_5/2d/lung/129627_0.npy
130624,/nas-ctm01/datasets/public/medical_datasets/lung_ct_datasets/nlst/preprocessed_data/protocol_5/2d/lung/130624_1.npy
130655,/nas-ctm01/datasets/public/medical_datasets/lung_ct_datasets/nlst/preprocessed_data/protocol_5/2d/lung/130655_2.npy
130942,/nas-ctm01/datasets/public/medical_datasets/lung_ct_datasets/nlst/preprocessed_data/protocol_5/2d/lung/130942_0.npy
131005,/nas-ctm01/datasets/public/medical_datasets/lung_ct_datasets/nlst/preprocessed_data/protocol_5/2d/lung/131005_0.npy
131156,/nas-ctm01/datasets/public/medical_datasets/lung_ct_datasets/nlst/preprocessed_data/protocol_5/2d/lung/131156_2.npy
131306,/nas-ctm01/datasets/public/medical_datasets/lung_ct_datasets/nlst/preprocessed_data/protocol_5/2d/lung/131306_0.npy
131611,/nas-ctm01/datasets/public/medical_datasets/lung_ct_datasets/nlst/preprocessed_data/protocol_5/2d/lung/131611_2.npy
131910,/nas-ctm01/datasets/public/medical_datasets/lung_ct_datasets/nlst/preprocessed_data/protocol_5/2d/lung/131910_2.npy
131979,/nas-ctm01/datasets/public/medical_datasets/lung_ct_datasets/nlst/preprocessed_data/protocol_5/2d/lung/131979_1.npy
132063,/nas-ctm01/datasets/public/medical_datasets/lung_ct_datasets/nlst/preprocessed_data/protocol_5/2d/lung/132063_2.npy
133076,/nas-ctm01/datasets/public/medical_datasets/lung_ct_datasets/nlst/preprocessed_data/protocol_5/2d/lung/133076_2.npy
133201,/nas-ctm01/datasets/public/medical_datasets/lung_ct_datasets/nlst/preprocessed_data/protocol_5/2d/lung/133201_1.npy
133321,/nas-ctm01/datasets/public/medical_datasets/lung_ct_datasets/nlst/preprocessed_data/protocol_5/2d/lung/133321_0.npy
133640,/nas-ctm01/datasets/public/medical_datasets/lung_ct_datasets/nlst/preprocessed_data/protocol_5/2d/lung/133640_0.npy
133786,/nas-ctm01/datasets/public/medical_datasets/lung_ct_datasets/nlst/preprocessed_data/protocol_5/2d/lung/133786_1.npy
134009,/nas-ctm01/datasets/public/medical_datasets/lung_ct_datasets/nlst/preprocessed_data/protocol_5/2d/lung/134009_0.npy
134371,/nas-ctm01/datasets/public/medical_datasets/lung_ct_datasets/nlst/preprocessed_data/protocol_5/2d/lung/134371_0.npy
134408,/nas-ctm01/datasets/public/medical_datasets/lung_ct_datasets/nlst/preprocessed_data/protocol_5/2d/lung/134408_2.npy
134493,/nas-ctm01/datasets/public/medical_datasets/lung_ct_datasets/nlst/preprocessed_data/protocol_5/2d/lung/134493_0.npy
200209,/nas-ctm01/datasets/public/medical_datasets/lung_ct_datasets/nlst/preprocessed_data/protocol_5/2d/lung/200209_1.npy
200969,/nas-ctm01/datasets/public/medical_datasets/lung_ct_datasets/nlst/preprocessed_data/protocol_5/2d/lung/200969_0.npy
201519,/nas-ctm01/datasets/public/medical_datasets/lung_ct_datasets/nlst/preprocessed_data/protocol_5/2d/lung/201519_0.npy
201528,/nas-ctm01/datasets/public/medical_datasets/lung_ct_datasets/nlst/preprocessed_data/protocol_5/2d/lung/201528_2.npy
201769,/nas-ctm01/datasets/public/medical_datasets/lung_ct_datasets/nlst/preprocessed_data/protocol_5/2d/lung/201769_0.npy
202014,/nas-ctm01/datasets/public/medical_datasets/lung_ct_datasets/nlst/preprocessed_data/protocol_5/2d/lung/202014_0.npy
202610,/nas-ctm01/datasets/public/medical_datasets/lung_ct_datasets/nlst/preprocessed_data/protocol_5/2d/lung/202610_0.npy
202611,/nas-ctm01/datasets/public/medical_datasets/lung_ct_datasets/nlst/preprocessed_data/protocol_5/2d/lung/202611_2.npy
202822,/nas-ctm01/datasets/public/medical_datasets/lung_ct_datasets/nlst/preprocessed_data/protocol_5/2d/lung/202822_2.npy
203125,/nas-ctm01/datasets/public/medical_datasets/lung_ct_datasets/nlst/preprocessed_data/protocol_5/2d/lung/203125_0.npy
203166,/nas-ctm01/datasets/public/medical_datasets/lung_ct_datasets/nlst/preprocessed_data/protocol_5/2d/lung/203166_0.npy
203288,/nas-ctm01/datasets/public/medical_datasets/lung_ct_datasets/nlst/preprocessed_data/protocol_5/2d/lung/203288_0.npy
203500,/nas-ctm01/datasets/public/medical_datasets/lung_ct_datasets/nlst/preprocessed_data/protocol_5/2d/lung/203500_0.npy
203607,/nas-ctm01/datasets/public/medical_datasets/lung_ct_datasets/nlst/preprocessed_data/protocol_5/2d/lung/203607_2.npy
204473,/nas-ctm01/datasets/public/medical_datasets/lung_ct_datasets/nlst/preprocessed_data/protocol_5/2d/lung/204473_0.npy
204694,/nas-ctm01/datasets/public/medical_datasets/lung_ct_datasets/nlst/preprocessed_data/protocol_5/2d/lung/204694_1.npy
204711,/nas-ctm01/datasets/public/medical_datasets/lung_ct_datasets/nlst/preprocessed_data/protocol_5/2d/lung/204711_1.npy
204909,/nas-ctm01/datasets/public/medical_datasets/lung_ct_datasets/nlst/preprocessed_data/protocol_5/2d/lung/204909_0.npy
205405,/nas-ctm01/datasets/public/medical_datasets/lung_ct_datasets/nlst/preprocessed_data/protocol_5/2d/lung/205405_1.npy
205714,/nas-ctm01/datasets/public/medical_datasets/lung_ct_datasets/nlst/preprocessed_data/protocol_5/2d/lung/205714_2.npy
205781,/nas-ctm01/datasets/public/medical_datasets/lung_ct_datasets/nlst/preprocessed_data/protocol_5/2d/lung/205781_0.npy
206354,/nas-ctm01/datasets/public/medical_datasets/lung_ct_datasets/nlst/preprocessed_data/protocol_5/2d/lung/206354_1.npy
207391,/nas-ctm01/datasets/public/medical_datasets/lung_ct_datasets/nlst/preprocessed_data/protocol_5/2d/lung/207391_0.npy
207782,/nas-ctm01/datasets/public/medical_datasets/lung_ct_datasets/nlst/preprocessed_data/protocol_5/2d/lung/207782_1.npy
207857,/nas-ctm01/datasets/public/medical_datasets/lung_ct_datasets/nlst/preprocessed_data/protocol_5/2d/lung/207857_1.npy
208446,/nas-ctm01/datasets/public/medical_datasets/lung_ct_datasets/nlst/preprocessed_data/protocol_5/2d/lung/208446_2.npy
208944,/nas-ctm01/datasets/public/medical_datasets/lung_ct_datasets/nlst/preprocessed_data/protocol_5/2d/lung/208944_0.npy
209029,/nas-ctm01/datasets/public/medical_datasets/lung_ct_datasets/nlst/preprocessed_data/protocol_5/2d/lung/209029_1.npy
209116,/nas-ctm01/datasets/public/medical_datasets/lung_ct_datasets/nlst/preprocessed_data/protocol_5/2d/lung/209116_1.npy
209184,/nas-ctm01/datasets/public/medical_datasets/lung_ct_datasets/nlst/preprocessed_data/protocol_5/2d/lung/209184_0.npy
209306,/nas-ctm01/datasets/public/medical_datasets/lung_ct_datasets/nlst/preprocessed_data/protocol_5/2d/lung/209306_0.npy
209412,/nas-ctm01/datasets/public/medical_datasets/lung_ct_datasets/nlst/preprocessed_data/protocol_5/2d/lung/209412_0.npy
209865,/nas-ctm01/datasets/public/medical_datasets/lung_ct_datasets/nlst/preprocessed_data/protocol_5/2d/lung/209865_0.npy
209874,/nas-ctm01/datasets/public/medical_datasets/lung_ct_datasets/nlst/preprocessed_data/protocol_5/2d/lung/209874_0.npy
210090,/nas-ctm01/datasets/public/medical_datasets/lung_ct_datasets/nlst/preprocessed_data/protocol_5/2d/lung/210090_2.npy
210371,/nas-ctm01/datasets/public/medical_datasets/lung_ct_datasets/nlst/preprocessed_data/protocol_5/2d/lung/210371_0.npy
210462,/nas-ctm01/datasets/public/medical_datasets/lung_ct_datasets/nlst/preprocessed_data/protocol_5/2d/lung/210462_0.npy
210754,/nas-ctm01/datasets/public/medical_datasets/lung_ct_datasets/nlst/preprocessed_data/protocol_5/2d/lung/210754_2.npy
210839,/nas-ctm01/datasets/public/medical_datasets/lung_ct_datasets/nlst/preprocessed_data/protocol_5/2d/lung/210839_0.npy
211328,/nas-ctm01/datasets/public/medical_datasets/lung_ct_datasets/nlst/preprocessed_data/protocol_5/2d/lung/211328_0.npy
211494,/nas-ctm01/datasets/public/medical_datasets/lung_ct_datasets/nlst/preprocessed_data/protocol_5/2d/lung/211494_2.npy
211570,/nas-ctm01/datasets/public/medical_datasets/lung_ct_datasets/nlst/preprocessed_data/protocol_5/2d/lung/211570_2.npy
211893,/nas-ctm01/datasets/public/medical_datasets/lung_ct_datasets/nlst/preprocessed_data/protocol_5/2d/lung/211893_0.npy
212202,/nas-ctm01/datasets/public/medical_datasets/lung_ct_datasets/nlst/preprocessed_data/protocol_5/2d/lung/212202_2.npy
212293,/nas-ctm01/datasets/public/medical_datasets/lung_ct_datasets/nlst/preprocessed_data/protocol_5/2d/lung/212293_0.npy
212359,/nas-ctm01/datasets/public/medical_datasets/lung_ct_datasets/nlst/preprocessed_data/protocol_5/2d/lung/212359_0.npy
212718,/nas-ctm01/datasets/public/medical_datasets/lung_ct_datasets/nlst/preprocessed_data/protocol_5/2d/lung/212718_2.npy
212819,/nas-ctm01/datasets/public/medical_datasets/lung_ct_datasets/nlst/preprocessed_data/protocol_5/2d/lung/212819_0.npy
213046,/nas-ctm01/datasets/public/medical_datasets/lung_ct_datasets/nlst/preprocessed_data/protocol_5/2d/lung/213046_0.npy
213485,/nas-ctm01/datasets/public/medical_datasets/lung_ct_datasets/nlst/preprocessed_data/protocol_5/2d/lung/213485_2.npy
213734,/nas-ctm01/datasets/public/medical_datasets/lung_ct_datasets/nlst/preprocessed_data/protocol_5/2d/lung/213734_2.npy
213972,/nas-ctm01/datasets/public/medical_datasets/lung_ct_datasets/nlst/preprocessed_data/protocol_5/2d/lung/213972_2.npy
214419,/nas-ctm01/datasets/public/medical_datasets/lung_ct_datasets/nlst/preprocessed_data/protocol_5/2d/lung/214419_2.npy
214572,/nas-ctm01/datasets/public/medical_datasets/lung_ct_datasets/nlst/preprocessed_data/protocol_5/2d/lung/214572_0.npy
214640,/nas-ctm01/datasets/public/medical_datasets/lung_ct_datasets/nlst/preprocessed_data/protocol_5/2d/lung/214640_2.npy
214683,/nas-ctm01/datasets/public/medical_datasets/lung_ct_datasets/nlst/preprocessed_data/protocol_5/2d/lung/214683_0.npy
214975,/nas-ctm01/datasets/public/medical_datasets/lung_ct_datasets/nlst/preprocessed_data/protocol_5/2d/lung/214975_0.npy
215002,/nas-ctm01/datasets/public/medical_datasets/lung_ct_datasets/nlst/preprocessed_data/protocol_5/2d/lung/215002_2.npy
215290,/nas-ctm01/datasets/public/medical_datasets/lung_ct_datasets/nlst/preprocessed_data/protocol_5/2d/lung/215290_0.npy
215394,/nas-ctm01/datasets/public/medical_datasets/lung_ct_datasets/nlst/preprocessed_data/protocol_5/2d/lung/215394_2.npy
215677,/nas-ctm01/datasets/public/medical_datasets/lung_ct_datasets/nlst/preprocessed_data/protocol_5/2d/lung/215677_0.npy
216157,/nas-ctm01/datasets/public/medical_datasets/lung_ct_datasets/nlst/preprocessed_data/protocol_5/2d/lung/216157_0.npy
216160,/nas-ctm01/datasets/public/medical_datasets/lung_ct_datasets/nlst/preprocessed_data/protocol_5/2d/lung/216160_1.npy
216370,/nas-ctm01/datasets/public/medical_datasets/lung_ct_datasets/nlst/preprocessed_data/protocol_5/2d/lung/216370_0.npy
216395,/nas-ctm01/datasets/public/medical_datasets/lung_ct_datasets/nlst/preprocessed_data/protocol_5/2d/lung/216395_0.npy
216399,/nas-ctm01/datasets/public/medical_datasets/lung_ct_datasets/nlst/preprocessed_data/protocol_5/2d/lung/216399_0.npy
216422,/nas-ctm01/datasets/public/medical_datasets/lung_ct_datasets/nlst/preprocessed_data/protocol_5/2d/lung/216422_2.npy
216622,/nas-ctm01/datasets/public/medical_datasets/lung_ct_datasets/nlst/preprocessed_data/protocol_5/2d/lung/216622_0.npy
216978,/nas-ctm01/datasets/public/medical_datasets/lung_ct_datasets/nlst/preprocessed_data/protocol_5/2d/lung/216978_2.npy
217501,/nas-ctm01/datasets/public/medical_datasets/lung_ct_datasets/nlst/preprocessed_data/protocol_5/2d/lung/217501_2.npy
218035,/nas-ctm01/datasets/public/medical_datasets/lung_ct_datasets/nlst/preprocessed_data/protocol_5/2d/lung/218035_1.npy
218307,/nas-ctm01/datasets/public/medical_datasets/lung_ct_datasets/nlst/preprocessed_data/protocol_5/2d/lung/218307_2.npy
218357,/nas-ctm01/datasets/public/medical_datasets/lung_ct_datasets/nlst/preprocessed_data/protocol_5/2d/lung/218357_2.npy
